Workbook

Sheet Contracts
A1: ClientName | B1: ClientEmail | C1: CompanyName | D1: CompanyAddress | E1: CompanyNumber | F1: ID | G1: AmountOwed | H1: PaymentDays | I1: ApprovedCapital | J1: PMFees | K1: AdminFee | L1: TotalMAH
A2: SIPHO MARTIN MTHIYANE | B2: tsimesebake@gmail.com | C2: BOGOSI ENGINEERING | D2: GO 38 GOSS MODIKWANE SECTION, MODDERSPRUIT, MODDERSPRUIT, GAUTENG, 0274 | E2: 2018/195580/07 | F2: 8811035347089 | G2: =Fees!F11 -> 2065250 | H2: =Fees!F13 -> 30 | I2: =Fees!F8 -> 1650000 | J2: =Fees!F9 -> 412500 | K2: =Fees!F10 -> 2750 | L2: =Fees!F11 -> 2065250

Sheet Fees
A1: Margin Range Start | B1: Margin Range End | C1: Percentage to be charged | I1: Charge
A2: 0 | B2: 0.19 | C2: 0.14 | I2: =IF(AND($F$6>=A2,$F$6<=B2),C2,"")
A3: 0.2 | B3: 0.29 | C3: 0.155 | I3: =IF(AND($F$6>=A3,$F$6<=B3),C3,"")
A4: 0.3 | B4: 0.39 | C4: 0.175 | E4: PO amount | F4: 2000000 | I4: =IF(AND($F$6>=A4,$F$6<=B4),C4,"")
A5: 0.4 | B5: 0.49 | C5: 0.195 | E5: Supplier Q | F5: 144436.22 | I5: =IF(AND($F$6>=A5,$F$6<=B5),C5,"")
A6: 0.5 | B6: 0.59 | C6: 0.215 | E6: Margins | F6: =(F4-F5)/F4 -> 0.92778189 | I6: =IF(AND($F$6>=A6,$F$6<=B6),C6,"")
A7: 0.6 | B7: 0.69 | C7: 0.235 | I7: =IF(AND($F$6>=A7,$F$6<=B7),C7,"")
A8: 0.69 | B8: 0.7 | C8: =C7 -> 0.235 | E8: Approved Capital Injection | F8: 1650000 | I8: =IF(AND($F$6>=A8,$F$6<=B8),C8,"")
A9: 0.7 | B9: 0.79 | C9: 0.245 | E9: Project Management Fees | F9: =F8*SUM(J2:J12) -> 412500 | I9: =IF(AND($F$6>=A9,$F$6<=B9),C9,"")
A10: 0.8 | B10: 0.89 | C10: 0.265 | E10: Admin fee | F10: 2750 | I10: =IF(AND($F$6>=A10,$F$6<=B10),C10,"") | J10: 0.25
A11: 0.9 | B11: 0.99 | C11: 0.285 | E11: Total due to MAH | F11: =SUM(F8:F10) -> 2065250 | I11: =IF(AND($F$6>=A11,$F$6<=B11),C11,"") -> 0.285
A12: 1 | B12: 1 | C12: 0.3 | I12: =IF(AND($F$6>=A12,$F$6<=B12),C12,"")
E13: Payable Days | F13: 30
F15: =F4-F11 -> -65250
J16: 0.01
J17: =J16*F8 -> 16500

Sheet Sheet1
C3: PO amount | D3: 3600000
C4: Supplier Q | D4: 1000000
C5: Margins | D5: =(D3-D4)/D3 -> 0.72222222
C7: Approved Capital Injection | D7: 1000000 | F7: 0.3
C8: Project Management Fees | D8: =D7*SUM(F1:F11) -> 300000
C9: Admin fee | D9: 2750
C10: Total due to MAH | D10: =SUM(D7:D9) -> 1302750
